value,percentage
-0.2,0.003492575224697147
-0.1,0.1318263970300899
0.0,0.4247020320437671
0.1,0.1333650840171942
0.2,0.003199491989058226
0.3,1.2211801484955061e-05
17.3,1.2211801484955061e-05
18.1,1.2211801484955061e-05
18.2,1.2211801484955061e-05
18.3,3.663540445486518e-05
18.5,1.2211801484955061e-05
18.6,1.2211801484955061e-05
18.7,2.4423602969910123e-05
18.8,4.8847205939820246e-05
18.9,7.327080890973036e-05
19.0,7.327080890973036e-05
19.1,4.8847205939820246e-05
19.2,1.2211801484955061e-05
19.3,8.548261039468542e-05
19.4,7.327080890973036e-05
19.5,9.769441187964049e-05
19.6,0.00010990621336459555
19.7,9.769441187964049e-05
19.8,6.10590074247753e-05
19.9,0.0001587534193044158
20.0,0.0001587534193044158
20.1,0.00019538882375928098
20.2,0.0001587534193044158
20.3,0.0002442360296991012
20.4,0.00019538882375928098
20.5,0.00026865963266901134
20.6,0.0002442360296991012
20.7,0.00020760062524423603
20.8,0.0003663540445486518
20.9,0.00030529503712387653
21.0,0.0003297186400937866
21.1,0.00030529503712387653
21.2,0.00041520125048847206
21.3,0.00034193044157874167
21.4,0.0003297186400937866
21.5,0.0003175068386088316
21.6,0.0004640484564282923
21.7,0.0003663540445486518
21.8,0.00030529503712387653
21.9,0.0004396248534583822
22.0,0.0005739546697928878
22.1,0.00039077764751856197
22.2,0.0005006838608831574
22.3,0.0004274130519734271
22.4,0.0006105900742477531
22.5,0.0007449198905822587
22.6,0.0005373192653380227
22.7,0.0005373192653380227
22.8,0.0008426143024618992
22.9,0.0005006838608831574
23.0,0.0008304025009769441
23.1,0.0005617428683079328
23.2,0.0007082844861273935
23.3,0.0005861664712778429
23.4,0.00045183665494333725
23.5,0.0004884720593982024
23.6,0.0004884720593982024
23.7,0.0005617428683079328
23.8,0.0005739546697928878
23.9,0.0004274130519734271
24.0,0.00035414224306369677
24.1,0.00037856584603360686
24.2,0.0005128956623681126
24.3,0.0003175068386088316
24.4,0.0004274130519734271
24.5,0.0003297186400937866
24.6,0.0003175068386088316
24.7,0.0003175068386088316
24.8,0.00037856584603360686
24.9,0.00037856584603360686
25.0,0.00026865963266901134
25.1,0.00020760062524423603
25.2,0.0002198124267291911
25.3,0.0002564478311840563
25.4,0.0002198124267291911
25.5,0.00014654161781946072
25.6,0.00020760062524423603
25.7,7.327080890973036e-05
25.8,0.00019538882375928098
25.9,9.769441187964049e-05
26.0,0.0001587534193044158
26.1,9.769441187964049e-05
26.2,0.00010990621336459555
26.3,0.00013432981633450567
26.4,8.548261039468542e-05
26.5,3.663540445486518e-05
26.6,8.548261039468542e-05
26.7,6.10590074247753e-05
26.8,4.8847205939820246e-05
26.9,8.548261039468542e-05
27.0,8.548261039468542e-05
27.1,9.769441187964049e-05
27.2,6.10590074247753e-05
27.3,4.8847205939820246e-05
27.4,8.548261039468542e-05
27.5,9.769441187964049e-05
27.6,8.548261039468542e-05
27.7,6.10590074247753e-05
27.8,0.00010990621336459555
27.9,4.8847205939820246e-05
28.0,0.00010990621336459555
28.1,8.548261039468542e-05
28.2,0.00013432981633450567
28.3,8.548261039468542e-05
28.4,7.327080890973036e-05
28.5,0.00014654161781946072
28.6,8.548261039468542e-05
28.7,0.00014654161781946072
28.8,0.00017096522078937084
28.9,0.0001831770222743259
29.0,0.0002442360296991012
29.1,0.0002198124267291911
29.2,0.00020760062524423603
29.3,0.0002808714341539664
29.4,0.0002442360296991012
29.5,0.00030529503712387653
29.6,0.0002564478311840563
29.7,0.00030529503712387653
29.8,0.00037856584603360686
29.9,0.00041520125048847206
30.0,0.00039077764751856197
30.1,0.0004396248534583822
30.2,0.0006105900742477531
30.3,0.0006594372801875733
30.4,0.0008670379054318093
30.5,0.0007693434935521688
30.6,0.000598378272762798
30.7,0.000793767096522079
30.8,0.0006472254787026182
30.9,0.0008792497069167644
31.0,0.0007449198905822587
31.1,0.0009158851113716295
31.2,0.0010624267291910903
31.3,0.001208968347010551
31.4,0.0010990621336459555
31.5,0.0012456037514654162
31.6,0.0011845447440406408
31.7,0.0011112739351309105
31.8,0.0012211801484955061
31.9,0.0012822391559202814
32.0,0.0014898397811645174
32.1,0.0014409925752246972
32.2,0.001624169597499023
32.3,0.0012700273544353263
32.4,0.0014898397811645174
32.5,0.0019905236420476747
32.6,0.0018439820242282141
32.7,0.0017096522078937084
32.8,0.0017462876123485736
32.9,0.0020027354435326297
33.0,0.0020882180539273155
33.1,0.0020027354435326297
33.2,0.002185912465806956
33.3,0.002185912465806956
33.4,0.0023080304806565063
33.5,0.0023324540836264164
33.6,0.002808714341539664
33.7,0.0024667838999609224
33.8,0.002393513091051192
33.9,0.0028453497459945292
34.0,0.002649960922235248
34.1,0.002601113716295428
34.2,0.0028453497459945292
34.3,0.003162856584603361
34.4,0.002808714341539664
34.5,0.00308958577569363
34.6,0.0033093982024228214
34.7,0.0029918913638139898
34.8,0.0029918913638139898
34.9,0.003052950371238765
35.0,0.0033093982024228214
35.1,0.0033582454083626416
35.2,0.0032727627979679563
35.3,0.0031262211801484957
35.4,0.00308958577569363
35.5,0.002820926143024619
35.6,0.0029308323563892145
35.7,0.003052950371238765
35.8,0.0031384329816334508
35.9,0.00308958577569363
36.0,0.002833137944509574
36.1,0.003004103165298945
36.2,0.003407092614302462
36.3,0.0029308323563892145
36.4,0.002686596326690113
36.5,0.0029918913638139898
36.6,0.003004103165298945
36.7,0.002796502540054709
36.8,0.0032971864009378664
36.9,0.002833137944509574
37.0,0.0028575615474794843
37.1,0.0027354435326299334
37.2,0.00308958577569363
37.3,0.0028453497459945292
37.4,0.0023813012895662366
37.5,0.002772078937084799
37.6,0.0028819851504493944
37.7,0.0025766901133255178
37.8,0.0024667838999609224
37.9,0.0023813012895662366
38.0,0.0023446658851113715
38.1,0.0024667838999609224
38.2,0.002271395076201641
38.3,0.0021614888628370458
38.4,0.0019416764361078547
38.5,0.0019538882375928096
38.6,0.0020271590465025403
38.7,0.001795134818288394
38.8,0.0017340758108636185
38.9,0.002014947245017585
39.0,0.0019050410316529894
39.1,0.0016852286049237983
39.2,0.0016363813989839781
39.3,0.0015508987885892926
39.4,0.0016363813989839781
39.5,0.001379933567799922
39.6,0.0012456037514654162
39.7,0.0012333919499804612
39.8,0.0010868503321610004
39.9,0.001208968347010551
40.0,0.0010624267291910903
40.1,0.0009891559202813598
40.2,0.0009891559202813598
40.3,0.0010013677217663149
40.4,0.0008181906994919891
40.5,0.0008792497069167644
40.6,0.0008670379054318093
40.7,0.0008548261039468542
40.8,0.0007204962876123486
40.9,0.0008181906994919891
41.0,0.0006472254787026182
41.1,0.0006838608831574833
41.2,0.0005861664712778429
41.3,0.0004274130519734271
41.4,0.0004884720593982024
41.5,0.0004884720593982024
41.6,0.0003297186400937866
41.7,0.0002564478311840563
41.8,0.00030529503712387653
41.9,0.0003663540445486518
42.0,0.00030529503712387653
42.1,0.00034193044157874167
42.2,0.00030529503712387653
42.3,0.00020760062524423603
42.4,0.0001831770222743259
42.5,0.0001221180148495506
42.6,0.0001587534193044158
42.7,0.0002198124267291911
42.8,0.0002198124267291911
42.9,0.00013432981633450567
43.0,0.0001587534193044158
43.1,0.00017096522078937084
43.2,0.00013432981633450567
43.3,0.0001221180148495506
43.4,4.8847205939820246e-05
43.5,8.548261039468542e-05
43.6,4.8847205939820246e-05
43.7,9.769441187964049e-05
43.8,6.10590074247753e-05
43.9,0.0001221180148495506
44.0,9.769441187964049e-05
44.1,6.10590074247753e-05
44.2,8.548261039468542e-05
44.3,2.4423602969910123e-05
44.4,7.327080890973036e-05
44.5,1.2211801484955061e-05
44.6,3.663540445486518e-05
44.7,6.10590074247753e-05
44.8,6.10590074247753e-05
44.9,3.663540445486518e-05
45.0,3.663540445486518e-05
45.1,2.4423602969910123e-05
45.2,2.4423602969910123e-05
45.3,7.327080890973036e-05
45.4,3.663540445486518e-05
45.5,2.4423602969910123e-05
45.6,6.10590074247753e-05
45.7,3.663540445486518e-05
45.8,3.663540445486518e-05
45.9,2.4423602969910123e-05
46.0,4.8847205939820246e-05
46.1,3.663540445486518e-05
46.2,4.8847205939820246e-05
46.3,1.2211801484955061e-05
46.4,2.4423602969910123e-05
46.5,1.2211801484955061e-05
46.6,3.663540445486518e-05
46.7,1.2211801484955061e-05
46.8,2.4423602969910123e-05
46.9,6.10590074247753e-05
47.1,1.2211801484955061e-05
47.2,1.2211801484955061e-05
47.3,6.10590074247753e-05
47.4,2.4423602969910123e-05
47.5,3.663540445486518e-05
47.6,1.2211801484955061e-05
47.7,2.4423602969910123e-05
47.8,7.327080890973036e-05
47.9,2.4423602969910123e-05
48.0,3.663540445486518e-05
48.1,3.663540445486518e-05
48.2,2.4423602969910123e-05
48.3,4.8847205939820246e-05
48.4,4.8847205939820246e-05
48.5,3.663540445486518e-05
48.6,4.8847205939820246e-05
48.7,4.8847205939820246e-05
48.8,2.4423602969910123e-05
48.9,3.663540445486518e-05
49.0,7.327080890973036e-05
49.1,1.2211801484955061e-05
49.2,7.327080890973036e-05
49.3,6.10590074247753e-05
49.4,1.2211801484955061e-05
49.5,6.10590074247753e-05
49.6,9.769441187964049e-05
49.7,6.10590074247753e-05
49.8,1.2211801484955061e-05
49.9,6.10590074247753e-05
50.0,3.663540445486518e-05
50.1,6.10590074247753e-05
50.2,4.8847205939820246e-05
50.3,8.548261039468542e-05
50.4,4.8847205939820246e-05
50.5,2.4423602969910123e-05
50.6,9.769441187964049e-05
50.7,6.10590074247753e-05
50.8,6.10590074247753e-05
50.9,4.8847205939820246e-05
51.0,7.327080890973036e-05
51.1,6.10590074247753e-05
51.2,4.8847205939820246e-05
51.3,7.327080890973036e-05
51.4,7.327080890973036e-05
51.5,4.8847205939820246e-05
51.6,8.548261039468542e-05
51.7,0.00010990621336459555
51.8,2.4423602969910123e-05
51.9,0.00010990621336459555
52.0,0.0001221180148495506
52.1,8.548261039468542e-05
52.2,0.00010990621336459555
52.3,0.0001221180148495506
52.4,9.769441187964049e-05
52.5,8.548261039468542e-05
52.6,7.327080890973036e-05
52.7,4.8847205939820246e-05
52.8,0.00013432981633450567
52.9,4.8847205939820246e-05
53.0,0.00010990621336459555
53.1,0.00010990621336459555
53.2,7.327080890973036e-05
53.3,7.327080890973036e-05
53.4,9.769441187964049e-05
53.5,7.327080890973036e-05
53.6,7.327080890973036e-05
53.7,0.0001221180148495506
53.8,8.548261039468542e-05
53.9,0.0001221180148495506
54.0,4.8847205939820246e-05
54.1,0.0001831770222743259
54.2,0.00010990621336459555
54.3,0.0001587534193044158
54.4,8.548261039468542e-05
54.5,6.10590074247753e-05
54.6,8.548261039468542e-05
54.7,0.00020760062524423603
54.8,0.00014654161781946072
54.9,8.548261039468542e-05
55.0,0.00010990621336459555
55.1,0.0001587534193044158
55.2,8.548261039468542e-05
55.3,0.00010990621336459555
55.4,0.0001221180148495506
55.5,0.00014654161781946072
55.6,4.8847205939820246e-05
55.7,0.00014654161781946072
55.8,9.769441187964049e-05
55.9,0.00020760062524423603
56.0,0.00013432981633450567
56.1,0.00013432981633450567
56.2,0.0001831770222743259
56.3,0.00013432981633450567
56.4,0.0001831770222743259
56.5,0.00010990621336459555
56.6,0.00010990621336459555
56.7,9.769441187964049e-05
56.8,0.00010990621336459555
56.9,0.0001831770222743259
57.0,0.00017096522078937084
57.1,9.769441187964049e-05
57.2,0.00020760062524423603
57.3,0.0002198124267291911
57.4,0.00014654161781946072
57.5,0.00013432981633450567
57.6,0.00017096522078937084
57.7,0.0001221180148495506
57.8,0.0001221180148495506
57.9,9.769441187964049e-05
58.0,0.0001221180148495506
58.1,0.00014654161781946072
58.2,0.00017096522078937084
58.3,0.0001587534193044158
58.4,8.548261039468542e-05
58.5,0.0001587534193044158
58.6,0.0002198124267291911
58.7,0.00014654161781946072
58.8,0.00013432981633450567
58.9,0.00013432981633450567
59.0,0.00020760062524423603
59.1,0.0001587534193044158
59.2,0.00014654161781946072
59.3,0.00014654161781946072
59.4,0.00010990621336459555
59.5,0.00013432981633450567
59.6,0.00013432981633450567
59.7,0.00026865963266901134
59.8,0.00013432981633450567
59.9,0.00023202422821414615
60.0,0.00010990621336459555
60.1,0.00013432981633450567
60.2,0.0002564478311840563
60.3,0.00014654161781946072
60.4,0.00020760062524423603
60.5,7.327080890973036e-05
60.6,0.0001831770222743259
60.7,0.00013432981633450567
60.8,8.548261039468542e-05
60.9,9.769441187964049e-05
61.0,0.0001587534193044158
61.1,0.00010990621336459555
61.2,0.00013432981633450567
61.3,0.0001831770222743259
61.4,0.0001587534193044158
61.5,0.0001221180148495506
61.6,0.00020760062524423603
61.7,0.0001831770222743259
61.8,0.00013432981633450567
61.9,0.00010990621336459555
62.0,0.0001221180148495506
62.1,8.548261039468542e-05
62.2,0.00013432981633450567
62.3,0.00010990621336459555
62.4,9.769441187964049e-05
62.5,0.0001221180148495506
62.6,7.327080890973036e-05
62.7,7.327080890973036e-05
62.8,0.0001831770222743259
62.9,8.548261039468542e-05
63.0,8.548261039468542e-05
63.1,7.327080890973036e-05
63.2,0.00020760062524423603
63.3,0.00013432981633450567
63.4,0.00013432981633450567
63.5,0.0001831770222743259
63.6,0.00019538882375928098
63.7,0.0001221180148495506
63.8,0.0001831770222743259
63.9,9.769441187964049e-05
64.0,9.769441187964049e-05
64.1,0.00013432981633450567
64.2,7.327080890973036e-05
64.3,0.0001587534193044158
64.4,9.769441187964049e-05
64.5,0.0001587534193044158
64.6,0.0001831770222743259
64.7,8.548261039468542e-05
64.8,0.00010990621336459555
64.9,0.00013432981633450567
65.0,0.0001221180148495506
65.1,0.00010990621336459555
65.2,0.00014654161781946072
65.3,8.548261039468542e-05
65.4,7.327080890973036e-05
65.5,9.769441187964049e-05
65.6,0.00017096522078937084
65.7,7.327080890973036e-05
65.8,9.769441187964049e-05
65.9,0.00017096522078937084
66.0,0.0001587534193044158
66.1,0.0002198124267291911
66.2,7.327080890973036e-05
66.3,0.0001221180148495506
66.4,0.00010990621336459555
66.5,8.548261039468542e-05
66.6,9.769441187964049e-05
66.7,0.00010990621336459555
66.8,6.10590074247753e-05
66.9,8.548261039468542e-05
67.0,6.10590074247753e-05
67.1,8.548261039468542e-05
67.2,6.10590074247753e-05
67.3,9.769441187964049e-05
67.4,7.327080890973036e-05
67.5,7.327080890973036e-05
67.6,4.8847205939820246e-05
67.7,4.8847205939820246e-05
67.8,7.327080890973036e-05
67.9,7.327080890973036e-05
68.0,6.10590074247753e-05
68.1,6.10590074247753e-05
68.2,4.8847205939820246e-05
68.3,6.10590074247753e-05
68.4,2.4423602969910123e-05
68.5,7.327080890973036e-05
68.6,8.548261039468542e-05
68.7,0.00013432981633450567
68.8,6.10590074247753e-05
68.9,8.548261039468542e-05
69.0,8.548261039468542e-05
69.1,7.327080890973036e-05
69.2,4.8847205939820246e-05
69.3,7.327080890973036e-05
69.4,8.548261039468542e-05
69.5,7.327080890973036e-05
69.6,0.0001221180148495506
69.7,6.10590074247753e-05
69.8,7.327080890973036e-05
69.9,8.548261039468542e-05
70.0,2.4423602969910123e-05
70.1,4.8847205939820246e-05
70.2,8.548261039468542e-05
70.3,4.8847205939820246e-05
70.4,0.00010990621336459555
70.5,3.663540445486518e-05
70.6,0.00010990621336459555
70.7,3.663540445486518e-05
70.8,4.8847205939820246e-05
70.9,8.548261039468542e-05
71.0,6.10590074247753e-05
71.1,9.769441187964049e-05
71.2,8.548261039468542e-05
71.3,3.663540445486518e-05
71.4,3.663540445486518e-05
71.5,7.327080890973036e-05
71.6,8.548261039468542e-05
71.7,8.548261039468542e-05
71.8,1.2211801484955061e-05
71.9,4.8847205939820246e-05
72.0,3.663540445486518e-05
72.1,2.4423602969910123e-05
72.2,3.663540445486518e-05
72.3,4.8847205939820246e-05
72.5,1.2211801484955061e-05
72.6,6.10590074247753e-05
72.7,6.10590074247753e-05
72.8,7.327080890973036e-05
72.9,7.327080890973036e-05
73.0,3.663540445486518e-05
73.1,6.10590074247753e-05
73.3,8.548261039468542e-05
73.4,3.663540445486518e-05
73.5,8.548261039468542e-05
73.6,3.663540445486518e-05
73.7,3.663540445486518e-05
73.8,4.8847205939820246e-05
73.9,0.00010990621336459555
74.0,1.2211801484955061e-05
74.1,2.4423602969910123e-05
74.2,3.663540445486518e-05
74.3,4.8847205939820246e-05
74.4,3.663540445486518e-05
74.5,2.4423602969910123e-05
74.6,3.663540445486518e-05
74.7,8.548261039468542e-05
74.8,7.327080890973036e-05
74.9,3.663540445486518e-05
75.0,2.4423602969910123e-05
75.1,2.4423602969910123e-05
75.2,3.663540445486518e-05
75.3,2.4423602969910123e-05
75.4,6.10590074247753e-05
75.5,4.8847205939820246e-05
75.6,1.2211801484955061e-05
75.7,4.8847205939820246e-05
75.8,1.2211801484955061e-05
75.9,1.2211801484955061e-05
76.0,4.8847205939820246e-05
76.1,3.663540445486518e-05
76.2,4.8847205939820246e-05
76.3,1.2211801484955061e-05
76.4,3.663540445486518e-05
76.5,8.548261039468542e-05
76.6,2.4423602969910123e-05
76.7,3.663540445486518e-05
76.9,3.663540445486518e-05
77.0,7.327080890973036e-05
77.1,0.00010990621336459555
77.2,2.4423602969910123e-05
77.3,2.4423602969910123e-05
77.4,6.10590074247753e-05
77.5,1.2211801484955061e-05
77.6,3.663540445486518e-05
77.7,4.8847205939820246e-05
77.8,4.8847205939820246e-05
77.9,6.10590074247753e-05
78.0,6.10590074247753e-05
78.1,2.4423602969910123e-05
78.2,3.663540445486518e-05
78.3,6.10590074247753e-05
78.4,6.10590074247753e-05
78.5,9.769441187964049e-05
78.6,9.769441187964049e-05
78.7,9.769441187964049e-05
78.8,1.2211801484955061e-05
78.9,9.769441187964049e-05
79.0,2.4423602969910123e-05
79.1,8.548261039468542e-05
79.2,1.2211801484955061e-05
79.3,4.8847205939820246e-05
79.4,4.8847205939820246e-05
79.5,0.00010990621336459555
79.6,8.548261039468542e-05
79.7,4.8847205939820246e-05
79.8,7.327080890973036e-05
79.9,2.4423602969910123e-05
80.0,7.327080890973036e-05
80.1,7.327080890973036e-05
80.2,3.663540445486518e-05
80.3,7.327080890973036e-05
80.4,4.8847205939820246e-05
80.5,6.10590074247753e-05
80.6,6.10590074247753e-05
80.7,3.663540445486518e-05
80.8,6.10590074247753e-05
80.9,7.327080890973036e-05
81.0,7.327080890973036e-05
81.1,8.548261039468542e-05
81.2,3.663540445486518e-05
81.3,3.663540445486518e-05
81.4,3.663540445486518e-05
81.5,7.327080890973036e-05
81.6,3.663540445486518e-05
81.7,6.10590074247753e-05
81.8,8.548261039468542e-05
81.9,8.548261039468542e-05
82.0,3.663540445486518e-05
82.1,7.327080890973036e-05
82.2,7.327080890973036e-05
82.3,9.769441187964049e-05
82.4,6.10590074247753e-05
82.5,3.663540445486518e-05
82.6,4.8847205939820246e-05
82.7,7.327080890973036e-05
82.8,4.8847205939820246e-05
82.9,6.10590074247753e-05
83.0,8.548261039468542e-05
83.1,9.769441187964049e-05
83.2,3.663540445486518e-05
83.3,7.327080890973036e-05
83.4,8.548261039468542e-05
83.5,2.4423602969910123e-05
83.6,8.548261039468542e-05
83.7,3.663540445486518e-05
83.8,0.0001221180148495506
83.9,7.327080890973036e-05
84.0,3.663540445486518e-05
84.1,0.00013432981633450567
84.2,0.00010990621336459555
84.3,2.4423602969910123e-05
84.4,8.548261039468542e-05
84.5,7.327080890973036e-05
84.6,6.10590074247753e-05
84.7,4.8847205939820246e-05
84.8,0.00013432981633450567
84.9,4.8847205939820246e-05
85.0,7.327080890973036e-05
85.1,0.00014654161781946072
85.2,0.00013432981633450567
85.3,1.2211801484955061e-05
85.4,2.4423602969910123e-05
85.5,4.8847205939820246e-05
85.6,4.8847205939820246e-05
85.7,3.663540445486518e-05
85.8,3.663540445486518e-05
85.9,4.8847205939820246e-05
86.0,8.548261039468542e-05
86.1,8.548261039468542e-05
86.2,3.663540445486518e-05
86.3,8.548261039468542e-05
86.4,3.663540445486518e-05
86.5,4.8847205939820246e-05
86.6,2.4423602969910123e-05
86.7,7.327080890973036e-05
86.8,3.663540445486518e-05
86.9,4.8847205939820246e-05
87.0,6.10590074247753e-05
87.1,1.2211801484955061e-05
87.2,0.0001221180148495506
87.3,6.10590074247753e-05
87.4,4.8847205939820246e-05
87.5,6.10590074247753e-05
87.6,7.327080890973036e-05
87.7,3.663540445486518e-05
87.8,2.4423602969910123e-05
87.9,9.769441187964049e-05
88.0,4.8847205939820246e-05
88.1,2.4423602969910123e-05
88.2,4.8847205939820246e-05
88.3,3.663540445486518e-05
88.4,2.4423602969910123e-05
88.5,4.8847205939820246e-05
88.6,2.4423602969910123e-05
88.7,8.548261039468542e-05
88.8,8.548261039468542e-05
88.9,7.327080890973036e-05
89.0,7.327080890973036e-05
89.1,7.327080890973036e-05
89.2,8.548261039468542e-05
89.3,4.8847205939820246e-05
89.4,8.548261039468542e-05
89.5,0.00010990621336459555
89.6,3.663540445486518e-05
89.7,3.663540445486518e-05
89.8,3.663540445486518e-05
89.9,7.327080890973036e-05
90.0,3.663540445486518e-05
90.1,4.8847205939820246e-05
90.2,3.663540445486518e-05
90.3,3.663540445486518e-05
90.4,4.8847205939820246e-05
90.5,6.10590074247753e-05
90.6,1.2211801484955061e-05
90.8,3.663540445486518e-05
90.9,3.663540445486518e-05
91.0,2.4423602969910123e-05
91.1,2.4423602969910123e-05
91.2,2.4423602969910123e-05
91.3,1.2211801484955061e-05
91.4,2.4423602969910123e-05
91.5,2.4423602969910123e-05
91.6,2.4423602969910123e-05
91.7,3.663540445486518e-05
91.8,3.663540445486518e-05
91.9,3.663540445486518e-05
92.0,4.8847205939820246e-05
92.2,1.2211801484955061e-05
92.3,4.8847205939820246e-05
92.4,3.663540445486518e-05
92.5,2.4423602969910123e-05
92.7,2.4423602969910123e-05
92.8,1.2211801484955061e-05
92.9,1.2211801484955061e-05
93.0,2.4423602969910123e-05
93.1,2.4423602969910123e-05
93.2,1.2211801484955061e-05
93.3,3.663540445486518e-05
93.5,1.2211801484955061e-05
93.6,1.2211801484955061e-05
93.8,3.663540445486518e-05
93.9,1.2211801484955061e-05
94.2,2.4423602969910123e-05
94.4,2.4423602969910123e-05
94.6,1.2211801484955061e-05
94.8,1.2211801484955061e-05
95.1,1.2211801484955061e-05
95.5,1.2211801484955061e-05
95.7,1.2211801484955061e-05
95.8,1.2211801484955061e-05
96.0,2.4423602969910123e-05
96.2,3.663540445486518e-05
96.5,1.2211801484955061e-05
96.6,1.2211801484955061e-05
96.7,3.663540445486518e-05
96.9,1.2211801484955061e-05
99.4,1.2211801484955061e-05
99.5,2.4423602969910123e-05
101.1,1.2211801484955061e-05
104.7,1.2211801484955061e-05
124.0,1.2211801484955061e-05
125.5,1.2211801484955061e-05
126.3,1.2211801484955061e-05
126.4,2.4423602969910123e-05
126.8,1.2211801484955061e-05
128.6,1.2211801484955061e-05
128.8,1.2211801484955061e-05
129.0,1.2211801484955061e-05
129.4,2.4423602969910123e-05
129.8,1.2211801484955061e-05
129.9,1.2211801484955061e-05
130.2,2.4423602969910123e-05
130.3,1.2211801484955061e-05
130.8,1.2211801484955061e-05
130.9,1.2211801484955061e-05
131.1,2.4423602969910123e-05
131.3,1.2211801484955061e-05
131.5,3.663540445486518e-05
131.7,1.2211801484955061e-05
131.8,4.8847205939820246e-05
132.1,1.2211801484955061e-05
132.2,2.4423602969910123e-05
132.3,1.2211801484955061e-05
132.4,1.2211801484955061e-05
132.5,2.4423602969910123e-05
132.6,2.4423602969910123e-05
132.7,3.663540445486518e-05
132.8,1.2211801484955061e-05
132.9,1.2211801484955061e-05
133.0,2.4423602969910123e-05
133.1,3.663540445486518e-05
133.4,2.4423602969910123e-05
133.5,1.2211801484955061e-05
133.6,4.8847205939820246e-05
133.7,1.2211801484955061e-05
133.8,6.10590074247753e-05
133.9,1.2211801484955061e-05
134.0,1.2211801484955061e-05
134.1,2.4423602969910123e-05
134.2,3.663540445486518e-05
134.3,2.4423602969910123e-05
134.4,6.10590074247753e-05
134.5,3.663540445486518e-05
134.6,2.4423602969910123e-05
134.7,3.663540445486518e-05
135.0,3.663540445486518e-05
135.1,3.663540445486518e-05
135.2,1.2211801484955061e-05
135.4,4.8847205939820246e-05
135.6,1.2211801484955061e-05
135.7,1.2211801484955061e-05
135.8,2.4423602969910123e-05
135.9,1.2211801484955061e-05
136.1,2.4423602969910123e-05
136.2,1.2211801484955061e-05
136.3,1.2211801484955061e-05
136.4,1.2211801484955061e-05
136.5,2.4423602969910123e-05
136.6,2.4423602969910123e-05
136.8,2.4423602969910123e-05
136.9,2.4423602969910123e-05
137.0,1.2211801484955061e-05
137.1,4.8847205939820246e-05
137.3,6.10590074247753e-05
137.4,3.663540445486518e-05
137.5,2.4423602969910123e-05
137.6,6.10590074247753e-05
137.7,4.8847205939820246e-05
137.8,3.663540445486518e-05
137.9,4.8847205939820246e-05
138.0,3.663540445486518e-05
138.1,3.663540445486518e-05
138.2,2.4423602969910123e-05
138.3,3.663540445486518e-05
138.4,4.8847205939820246e-05
138.5,3.663540445486518e-05
138.6,2.4423602969910123e-05
138.7,3.663540445486518e-05
138.8,3.663540445486518e-05
138.9,4.8847205939820246e-05
139.1,2.4423602969910123e-05
139.2,2.4423602969910123e-05
139.3,0.00010990621336459555
139.4,3.663540445486518e-05
139.6,6.10590074247753e-05
139.7,6.10590074247753e-05
139.8,4.8847205939820246e-05
139.9,6.10590074247753e-05
140.1,2.4423602969910123e-05
140.2,2.4423602969910123e-05
140.3,4.8847205939820246e-05
140.5,2.4423602969910123e-05
140.6,1.2211801484955061e-05
140.7,7.327080890973036e-05
140.8,1.2211801484955061e-05
140.9,3.663540445486518e-05
141.0,1.2211801484955061e-05
141.2,3.663540445486518e-05
141.3,1.2211801484955061e-05
141.4,1.2211801484955061e-05
141.5,3.663540445486518e-05
141.6,1.2211801484955061e-05
141.7,4.8847205939820246e-05
141.8,4.8847205939820246e-05
141.9,8.548261039468542e-05
142.0,1.2211801484955061e-05
142.1,2.4423602969910123e-05
142.2,4.8847205939820246e-05
142.3,3.663540445486518e-05
142.4,4.8847205939820246e-05
142.5,2.4423602969910123e-05
142.6,2.4423602969910123e-05
142.7,1.2211801484955061e-05
142.8,4.8847205939820246e-05
142.9,3.663540445486518e-05
143.0,2.4423602969910123e-05
143.2,1.2211801484955061e-05
143.3,3.663540445486518e-05
143.4,1.2211801484955061e-05
143.5,4.8847205939820246e-05
143.6,1.2211801484955061e-05
143.7,2.4423602969910123e-05
143.8,3.663540445486518e-05
143.9,4.8847205939820246e-05
144.0,1.2211801484955061e-05
144.2,4.8847205939820246e-05
144.3,3.663540445486518e-05
144.5,2.4423602969910123e-05
144.7,1.2211801484955061e-05
144.8,1.2211801484955061e-05
145.0,3.663540445486518e-05
145.1,4.8847205939820246e-05
145.2,2.4423602969910123e-05
145.3,1.2211801484955061e-05
145.5,3.663540445486518e-05
145.7,1.2211801484955061e-05
145.8,2.4423602969910123e-05
145.9,2.4423602969910123e-05
146.1,1.2211801484955061e-05
146.2,3.663540445486518e-05
146.4,2.4423602969910123e-05
146.5,2.4423602969910123e-05
146.6,3.663540445486518e-05
146.7,2.4423602969910123e-05
146.8,3.663540445486518e-05
146.9,1.2211801484955061e-05
147.0,1.2211801484955061e-05
147.1,2.4423602969910123e-05
147.2,2.4423602969910123e-05
147.3,2.4423602969910123e-05
147.4,1.2211801484955061e-05
147.7,2.4423602969910123e-05
147.8,1.2211801484955061e-05
147.9,2.4423602969910123e-05
148.0,1.2211801484955061e-05
148.1,1.2211801484955061e-05
148.2,2.4423602969910123e-05
148.4,3.663540445486518e-05
148.5,2.4423602969910123e-05
148.6,1.2211801484955061e-05
148.7,1.2211801484955061e-05
148.8,1.2211801484955061e-05
148.9,2.4423602969910123e-05
149.4,3.663540445486518e-05
149.7,3.663540445486518e-05
149.9,1.2211801484955061e-05
150.5,1.2211801484955061e-05
150.9,1.2211801484955061e-05
151.0,1.2211801484955061e-05
151.7,2.4423602969910123e-05
152.0,1.2211801484955061e-05
152.3,1.2211801484955061e-05
152.4,1.2211801484955061e-05
152.6,3.663540445486518e-05
153.2,1.2211801484955061e-05
153.6,2.4423602969910123e-05
153.7,1.2211801484955061e-05
153.8,2.4423602969910123e-05
154.1,1.2211801484955061e-05
154.2,1.2211801484955061e-05
154.4,2.4423602969910123e-05
154.9,2.4423602969910123e-05
155.1,2.4423602969910123e-05
155.2,1.2211801484955061e-05
155.3,2.4423602969910123e-05
156.1,2.4423602969910123e-05
156.6,1.2211801484955061e-05
156.7,1.2211801484955061e-05
157.0,1.2211801484955061e-05
157.2,1.2211801484955061e-05
157.5,2.4423602969910123e-05
157.7,2.4423602969910123e-05
158.2,2.4423602969910123e-05
158.6,1.2211801484955061e-05
158.7,1.2211801484955061e-05
159.4,1.2211801484955061e-05
160.1,1.2211801484955061e-05
160.2,1.2211801484955061e-05
160.4,1.2211801484955061e-05
160.5,1.2211801484955061e-05
160.8,1.2211801484955061e-05
160.9,1.2211801484955061e-05
161.1,1.2211801484955061e-05
161.2,1.2211801484955061e-05
161.4,1.2211801484955061e-05
161.6,1.2211801484955061e-05
161.9,3.663540445486518e-05
162.0,1.2211801484955061e-05
162.1,2.4423602969910123e-05
162.2,1.2211801484955061e-05
162.4,2.4423602969910123e-05
162.6,1.2211801484955061e-05
162.7,1.2211801484955061e-05
162.8,1.2211801484955061e-05
162.9,1.2211801484955061e-05
163.4,1.2211801484955061e-05
163.5,1.2211801484955061e-05
163.6,1.2211801484955061e-05
163.7,1.2211801484955061e-05
163.8,2.4423602969910123e-05
163.9,1.2211801484955061e-05
164.0,1.2211801484955061e-05
164.3,2.4423602969910123e-05
164.6,1.2211801484955061e-05
164.8,1.2211801484955061e-05
164.9,3.663540445486518e-05
165.0,1.2211801484955061e-05
165.6,1.2211801484955061e-05
165.8,1.2211801484955061e-05
165.9,2.4423602969910123e-05
166.0,1.2211801484955061e-05
166.4,1.2211801484955061e-05
166.6,1.2211801484955061e-05
167.1,2.4423602969910123e-05
167.4,1.2211801484955061e-05
167.9,4.8847205939820246e-05
168.1,1.2211801484955061e-05
168.3,1.2211801484955061e-05
168.7,2.4423602969910123e-05
168.9,1.2211801484955061e-05
169.1,1.2211801484955061e-05
169.7,3.663540445486518e-05
170.1,2.4423602969910123e-05
170.5,1.2211801484955061e-05
170.7,2.4423602969910123e-05
171.0,2.4423602969910123e-05
171.1,1.2211801484955061e-05
171.2,1.2211801484955061e-05
171.3,1.2211801484955061e-05
171.4,2.4423602969910123e-05
171.7,1.2211801484955061e-05
172.1,1.2211801484955061e-05
172.3,1.2211801484955061e-05
172.5,1.2211801484955061e-05
172.6,2.4423602969910123e-05
172.7,1.2211801484955061e-05
172.8,1.2211801484955061e-05
172.9,1.2211801484955061e-05
174.2,2.4423602969910123e-05
174.7,1.2211801484955061e-05
175.6,1.2211801484955061e-05
175.9,2.4423602969910123e-05
176.4,1.2211801484955061e-05
177.3,2.4423602969910123e-05
179.2,2.4423602969910123e-05
179.4,1.2211801484955061e-05
179.7,1.2211801484955061e-05
180.0,1.2211801484955061e-05
180.2,1.2211801484955061e-05
181.0,1.2211801484955061e-05
182.1,1.2211801484955061e-05
183.0,1.2211801484955061e-05
237.4,1.2211801484955061e-05
248.4,1.2211801484955061e-05
249.1,1.2211801484955061e-05
252.1,1.2211801484955061e-05
252.7,1.2211801484955061e-05
262.7,1.2211801484955061e-05
265.0,1.2211801484955061e-05
265.5,1.2211801484955061e-05
266.0,1.2211801484955061e-05
274.4,1.2211801484955061e-05
274.8,1.2211801484955061e-05
276.8,1.2211801484955061e-05
282.6,1.2211801484955061e-05
282.7,2.4423602969910123e-05
282.9,1.2211801484955061e-05
283.9,1.2211801484955061e-05
285.2,1.2211801484955061e-05
286.0,1.2211801484955061e-05
288.1,1.2211801484955061e-05
289.0,1.2211801484955061e-05
289.3,1.2211801484955061e-05
289.4,1.2211801484955061e-05
289.8,2.4423602969910123e-05
289.9,1.2211801484955061e-05
291.4,1.2211801484955061e-05
292.0,1.2211801484955061e-05
292.1,1.2211801484955061e-05
293.6,2.4423602969910123e-05
293.7,1.2211801484955061e-05
295.3,1.2211801484955061e-05
295.7,1.2211801484955061e-05
297.9,1.2211801484955061e-05
298.4,1.2211801484955061e-05
298.7,1.2211801484955061e-05
298.9,1.2211801484955061e-05
300.6,1.2211801484955061e-05
302.1,1.2211801484955061e-05
303.0,1.2211801484955061e-05
303.7,1.2211801484955061e-05
304.2,1.2211801484955061e-05
306.3,1.2211801484955061e-05
308.0,1.2211801484955061e-05
309.0,1.2211801484955061e-05
309.1,1.2211801484955061e-05
310.0,1.2211801484955061e-05
310.2,1.2211801484955061e-05
310.3,1.2211801484955061e-05
311.2,1.2211801484955061e-05
314.4,1.2211801484955061e-05
314.8,2.4423602969910123e-05
315.4,1.2211801484955061e-05
315.9,1.2211801484955061e-05
316.0,1.2211801484955061e-05
316.4,1.2211801484955061e-05
317.7,1.2211801484955061e-05
319.3,1.2211801484955061e-05
322.0,1.2211801484955061e-05
322.5,1.2211801484955061e-05
323.3,1.2211801484955061e-05
324.2,1.2211801484955061e-05
326.1,1.2211801484955061e-05
326.4,1.2211801484955061e-05
327.8,1.2211801484955061e-05
328.0,1.2211801484955061e-05
330.1,1.2211801484955061e-05
330.3,1.2211801484955061e-05
333.6,1.2211801484955061e-05
335.8,1.2211801484955061e-05
336.6,1.2211801484955061e-05
338.7,1.2211801484955061e-05
339.1,2.4423602969910123e-05
341.0,1.2211801484955061e-05
343.3,1.2211801484955061e-05
346.1,1.2211801484955061e-05
351.2,1.2211801484955061e-05
351.3,2.4423602969910123e-05
353.2,1.2211801484955061e-05
355.8,1.2211801484955061e-05
357.4,1.2211801484955061e-05
357.7,1.2211801484955061e-05
360.6,1.2211801484955061e-05
378.2,1.2211801484955061e-05
387.2,1.2211801484955061e-05
525.4,1.2211801484955061e-05
562.5,1.2211801484955061e-05
578.7,1.2211801484955061e-05
586.7,1.2211801484955061e-05
610.8,1.2211801484955061e-05
624.2,1.2211801484955061e-05
639.4,1.2211801484955061e-05
648.7,1.2211801484955061e-05
653.4,1.2211801484955061e-05
701.8,1.2211801484955061e-05
716.5,1.2211801484955061e-05
740.9,1.2211801484955061e-05
757.6,1.2211801484955061e-05
841.0,1.2211801484955061e-05
1359.2,1.2211801484955061e-05
1385.9,1.2211801484955061e-05
1386.0,1.2211801484955061e-05
1392.3,1.2211801484955061e-05
1393.7,1.2211801484955061e-05
1404.1,1.2211801484955061e-05
1404.5,1.2211801484955061e-05
1405.2,1.2211801484955061e-05
1409.5,1.2211801484955061e-05
1422.8,1.2211801484955061e-05
1427.9,1.2211801484955061e-05
1433.9,1.2211801484955061e-05
1447.3,1.2211801484955061e-05
1450.3,1.2211801484955061e-05
1454.0,1.2211801484955061e-05
1456.9,1.2211801484955061e-05
1458.2,1.2211801484955061e-05
1462.1,1.2211801484955061e-05
1463.9,1.2211801484955061e-05
1466.5,1.2211801484955061e-05
1472.7,1.2211801484955061e-05
1474.1,1.2211801484955061e-05
1477.7,1.2211801484955061e-05
1483.6,1.2211801484955061e-05
1484.0,1.2211801484955061e-05
1496.8,1.2211801484955061e-05
1497.7,1.2211801484955061e-05
1507.3,1.2211801484955061e-05
1510.1,1.2211801484955061e-05
1510.2,1.2211801484955061e-05
1510.3,1.2211801484955061e-05
1517.8,1.2211801484955061e-05
1520.3,1.2211801484955061e-05
1520.8,1.2211801484955061e-05
1522.6,1.2211801484955061e-05
1528.2,1.2211801484955061e-05
1528.3,1.2211801484955061e-05
1540.1,1.2211801484955061e-05
1541.4,1.2211801484955061e-05
1549.8,1.2211801484955061e-05
1550.7,1.2211801484955061e-05
1555.0,1.2211801484955061e-05
1555.4,1.2211801484955061e-05
1556.9,1.2211801484955061e-05
1557.4,1.2211801484955061e-05
1565.5,1.2211801484955061e-05
1570.9,1.2211801484955061e-05
1573.3,1.2211801484955061e-05
1577.1,1.2211801484955061e-05
1578.0,1.2211801484955061e-05
1581.3,1.2211801484955061e-05
1582.1,1.2211801484955061e-05
1588.9,1.2211801484955061e-05
1605.5,1.2211801484955061e-05
1612.5,1.2211801484955061e-05
1620.2,1.2211801484955061e-05
1621.6,1.2211801484955061e-05
1626.4,1.2211801484955061e-05
1626.6,1.2211801484955061e-05
1637.1,1.2211801484955061e-05
1671.5,1.2211801484955061e-05
